{"cameraMode":{"drawMode":0,"name":"Shaded","section":"Shading Mode"},"sceneLighting":false,"audioPlay":false,"sceneViewState":{"showFog":true,"showMaterialUpdate":false,"showSkybox":true,"showFlares":true,"showImageEffects":true,"showParticleSystems":true},"in2DMode":false,"pivot":{"x":-0.0008749961853027344,"y":0.17122501134872437,"z":-0.0024000005796551706},"rotation":{"x":0.13479281961917878,"y":0.038940951228141788,"z":-0.005300786811858416,"w":0.9900941848754883},"size":0.6646677255630493,"orthographic":false}