{"cameraMode":{"drawMode":0,"name":"Shaded","section":"Shading Mode"},"sceneLighting":false,"audioPlay":false,"sceneViewState":{"showFog":true,"showMaterialUpdate":false,"showSkybox":true,"showFlares":true,"showImageEffects":true,"showParticleSystems":true},"in2DMode":false,"pivot":{"x":-324.96038818359377,"y":23.05339813232422,"z":223.7239532470703},"rotation":{"x":0.04533148556947708,"y":-0.7566496133804321,"z":0.6501107215881348,"w":0.05275055021047592},"size":30.26342010498047,"orthographic":false}