{"cameraMode":{"drawMode":0,"name":"Shaded","section":"Shading Mode"},"sceneLighting":false,"audioPlay":false,"sceneViewState":{"showFog":true,"showMaterialUpdate":false,"showSkybox":true,"showFlares":true,"showImageEffects":true,"showParticleSystems":true},"in2DMode":false,"pivot":{"x":0.45945489406585696,"y":-0.9359629154205322,"z":2.773784637451172},"rotation":{"x":0.4385361671447754,"y":-0.23093782365322114,"z":0.11768925935029984,"w":0.8605248332023621},"size":0.7264559268951416,"orthographic":false}