{"cameraMode":{"drawMode":0,"name":"Shaded","section":"Shading Mode"},"sceneLighting":false,"audioPlay":false,"sceneViewState":{"showFog":true,"showMaterialUpdate":false,"showSkybox":true,"showFlares":true,"showImageEffects":true,"showParticleSystems":true},"in2DMode":false,"pivot":{"x":-325.7500915527344,"y":23.018098831176759,"z":221.11083984375},"rotation":{"x":-0.5184578895568848,"y":-0.4172261953353882,"z":0.3210274577140808,"w":-0.673843502998352},"size":10.048344612121582,"orthographic":false}