{"cameraMode":{"drawMode":0,"name":"Shaded","section":"Shading Mode"},"sceneLighting":false,"audioPlay":false,"sceneViewState":{"showFog":true,"showMaterialUpdate":false,"showSkybox":true,"showFlares":true,"showImageEffects":true,"showParticleSystems":true},"in2DMode":false,"pivot":{"x":741.9996337890625,"y":336.1014709472656,"z":0.00009649991989135742},"rotation":{"x":0.13479281961917878,"y":0.038940951228141788,"z":-0.005300786811858416,"w":0.9900941848754883},"size":0.47088706493377688,"orthographic":false}