{"cameraMode":{"drawMode":0,"name":"Shaded","section":"Shading Mode"},"sceneLighting":false,"audioPlay":false,"sceneViewState":{"showFog":true,"showMaterialUpdate":false,"showSkybox":true,"showFlares":true,"showImageEffects":true,"showParticleSystems":true},"in2DMode":false,"pivot":{"x":0.9354644417762756,"y":-0.25963565707206728,"z":-0.08645538985729218},"rotation":{"x":0.1711602658033371,"y":0.20265556871891023,"z":-0.03600068390369415,"w":0.9635034203529358},"size":3.6103951930999758,"orthographic":false}