{"cameraMode":{"drawMode":0,"name":"Shaded","section":"Shading Mode"},"sceneLighting":false,"audioPlay":false,"sceneViewState":{"showFog":true,"showMaterialUpdate":false,"showSkybox":true,"showFlares":true,"showImageEffects":true,"showParticleSystems":true},"in2DMode":false,"pivot":{"x":50.632816314697269,"y":-4.487236976623535,"z":48.976470947265628},"rotation":{"x":0.5388045907020569,"y":0.3391515612602234,"z":-0.2506025433540344,"w":0.729290246963501},"size":88.22013854980469,"orthographic":false}