{"cameraMode":{"drawMode":0,"name":"Shaded","section":"Shading Mode"},"sceneLighting":false,"audioPlay":false,"sceneViewState":{"showFog":true,"showMaterialUpdate":false,"showSkybox":true,"showFlares":true,"showImageEffects":true,"showParticleSystems":true},"in2DMode":false,"pivot":{"x":0.3821603059768677,"y":-0.056180473417043689,"z":-0.39639630913734438},"rotation":{"x":0.012625114992260933,"y":0.5648332834243774,"z":-0.008660920895636082,"w":0.8250630497932434},"size":0.553183913230896,"orthographic":false}