{"cameraMode":{"drawMode":0,"name":"Shaded","section":"Shading Mode"},"sceneLighting":false,"audioPlay":false,"sceneViewState":{"showFog":true,"showMaterialUpdate":false,"showSkybox":true,"showFlares":true,"showImageEffects":true,"showParticleSystems":true},"in2DMode":false,"pivot":{"x":565.2000122070313,"y":279.20001220703127,"z":0.0},"rotation":{"x":0.5875239968299866,"y":-0.03830643370747566,"z":0.027841953560709955,"w":0.8078199028968811},"size":0.5605524778366089,"orthographic":false}