{"cameraMode":{"drawMode":0,"name":"Shaded","section":"Shading Mode"},"sceneLighting":false,"audioPlay":false,"sceneViewState":{"showFog":true,"showMaterialUpdate":false,"showSkybox":true,"showFlares":true,"showImageEffects":true,"showParticleSystems":true},"in2DMode":false,"pivot":{"x":0.023827075958251954,"y":3.281024932861328,"z":1.1920928955078126e-7},"rotation":{"x":0.12358761578798294,"y":-0.2426845133304596,"z":0.031187208369374276,"w":0.9616953134536743},"size":12.88320255279541,"orthographic":false}