{"cameraMode":{"drawMode":0,"name":"Shaded","section":"Shading Mode"},"sceneLighting":false,"audioPlay":false,"sceneViewState":{"showFog":true,"showMaterialUpdate":false,"showSkybox":true,"showFlares":true,"showImageEffects":true,"showParticleSystems":true},"in2DMode":false,"pivot":{"x":53.628173828125,"y":21.562654495239259,"z":-110.15534973144531},"rotation":{"x":0.1067686453461647,"y":-0.8906310200691223,"z":0.2743382453918457,"w":0.3465767204761505},"size":2706.388671875,"orthographic":false}