{"cameraMode":{"drawMode":0,"name":"Shaded","section":"Shading Mode"},"sceneLighting":false,"audioPlay":false,"sceneViewState":{"showFog":true,"showMaterialUpdate":false,"showSkybox":true,"showFlares":true,"showImageEffects":true,"showParticleSystems":true},"in2DMode":false,"pivot":{"x":-0.00035199522972106934,"y":0.1014769971370697,"z":0.00009649991989135742},"rotation":{"x":0.13479281961917878,"y":0.038940951228141788,"z":-0.005300786811858416,"w":0.9900941848754883},"size":0.4708981215953827,"orthographic":false}