{"cameraMode":{"drawMode":0,"name":"Shaded","section":"Shading Mode"},"sceneLighting":false,"audioPlay":false,"sceneViewState":{"showFog":true,"showMaterialUpdate":false,"showSkybox":true,"showFlares":true,"showImageEffects":true,"showParticleSystems":true},"in2DMode":false,"pivot":{"x":0.01284710317850113,"y":0.09490227699279785,"z":0.060956716537475589},"rotation":{"x":0.7511577010154724,"y":-0.08569053560495377,"z":0.09949558973312378,"w":0.6469311118125916},"size":0.984320342540741,"orthographic":false}