{"cameraMode":{"drawMode":0,"name":"Shaded","section":"Shading Mode"},"sceneLighting":false,"audioPlay":false,"sceneViewState":{"showFog":true,"showMaterialUpdate":false,"showSkybox":true,"showFlares":true,"showImageEffects":true,"showParticleSystems":true},"in2DMode":false,"pivot":{"x":50.00000762939453,"y":-1.0031243562698365,"z":50.0},"rotation":{"x":0.14921385049819947,"y":-0.8126230239868164,"z":0.5109545588493347,"w":0.23728565871715547},"size":233.37452697753907,"orthographic":false}