{"cameraMode":{"drawMode":0,"name":"Shaded","section":"Shading Mode"},"sceneLighting":false,"audioPlay":false,"sceneViewState":{"showFog":true,"showMaterialUpdate":false,"showSkybox":true,"showFlares":true,"showImageEffects":true,"showParticleSystems":true},"in2DMode":false,"pivot":{"x":0.4479285776615143,"y":-1.5098541975021363,"z":9.897109031677246},"rotation":{"x":0.31127768754959109,"y":-0.6881157755851746,"z":0.44574496150016787,"w":0.4805354177951813},"size":0.9695369601249695,"orthographic":false}