{"cameraMode":{"drawMode":0,"name":"Shaded","section":"Shading Mode"},"sceneLighting":false,"audioPlay":false,"sceneViewState":{"showFog":true,"showMaterialUpdate":false,"showSkybox":true,"showFlares":true,"showImageEffects":true,"showParticleSystems":true},"in2DMode":false,"pivot":{"x":0.0,"y":-0.07713747024536133,"z":0.09999990463256836},"rotation":{"x":0.038157593458890918,"y":0.9612453579902649,"z":-0.17522835731506349,"w":0.20939548313617707},"size":9.646063804626465,"orthographic":false}