{"cameraMode":{"drawMode":0,"name":"Shaded","section":"Shading Mode"},"sceneLighting":false,"audioPlay":false,"sceneViewState":{"showFog":true,"showMaterialUpdate":false,"showSkybox":true,"showFlares":true,"showImageEffects":true,"showParticleSystems":true},"in2DMode":false,"pivot":{"x":0.03520160913467407,"y":1.3775537014007569,"z":-0.032154157757759097},"rotation":{"x":-0.012849560007452965,"y":-0.2257080376148224,"z":-0.0029775791335850956,"w":0.9741057753562927},"size":5.529214859008789,"orthographic":false}